=== FILES TO MOVE FROM /docs/ ROOT ===

GUIDES CATEGORY:
  AUTH_TESTING_GUIDE.md → guides/AUTH_TESTING.md
  MAGIC_LINK_AUTH_GUIDE.md → guides/MAGIC_LINK_AUTH.md
  OPENTELEMETRY_SETUP.md → guides/OPENTELEMETRY.md
  FAST_TRACK_TO_PRODUCTION.md → guides/FAST_TRACK.md

REFERENCE CATEGORY:
  MEMORY_MANAGEMENT.md → reference/MEMORY_MANAGEMENT.md

REPORTS CATEGORY:
  AUTH_UX_BEFORE_AFTER.md → reports/AUTH_UX_ANALYSIS.md
  PERFORMANCE_BENCHMARKS.md → reports/PERFORMANCE_BENCHMARKS.md

ARCHIVED CATEGORY:
  DEPRECATIONS.md → archived/DEPRECATIONS.md
  IMPLEMENTATION_PLAN_BRAND_AND_TESTING.md → archived/IMPLEMENTATION_PLAN_OLD.md
  IMPLEMENTATION_TRACKER.md → archived/IMPLEMENTATION_TRACKER.md
  L3_PROMPTS_DEPRECATION.md → archived/L3_PROMPTS_DEPRECATION.md
  LANDING_PAGE_REDESIGN_BRIEF.md → archived/DESIGN_BRIEFS.md
  COMPLETE_IMPLEMENTATION_SUMMARY.md → archived/COMPLETE_IMPLEMENTATION_SUMMARY.md
  WAVE_EXECUTION_PLAN.md → archived/EXECUTION_PLANS.md
  QUICK_INDEX.md → DELETE (redundant with INDEX.md)
